S.No ,Latitude,Longitude,Elevation,Tilt,Relief,PlanCurvature,ProfileCurvature,Temperature,Humidity,Wind Speed,Atmospheric Pressure,Soil Moisture,Output Variable
1,27.0416208,88.2664124,2106,0.229181896,2106,0.004,0.004,8.35,93,2.16,1017,0.241,0
2,27.0593562,88.4694535,1175,3.54779707,1175,0.062,0.062,13.07,93,2.52,1016,0.266,1
3,31.104963,77.1639874,2148,-9.536635758,2148,-0.168,-0.168,9.24,62,2.37,1016,0.109,0
4,32.2431872,77.1891761,1893,4.118189704,1893,0.072,0.072,12.45,62,2.09,1021,0.075,0
5,10.0889333,77.0595248,1462,4.346124355,1462,0.076,0.076,16.29,97,0.62,1013,0.276,0
6,12.4244205,75.7381856,1122,3.205215931,1122,0.056,0.056,18.63,99,0.31,1013,0.307,0
7,25.5787726,91.8932535,1444,-0.687516355,1444,-0.012,-0.012,13.79,95,0.19,1015,0.303,0
8,26.3210313,94.5147156,1360,-15.64224646,1360,-0.28,-0.28,12.96,97,1.55,1015,0.329,1
9,32.6192107,77.3783789,4835,39.28316617,4835,0.818,0.818,-8.29,57,1.35,1023,0,0
10,27.3313512,88.6138113,1630,3.433630362,1630,0.06,0.06,12.3,85,2.18,1019,0.294,0
11,29.3924139,79.4533773,1982,15.21632671,1982,0.272,0.272,10.33,77,1.79,1014,0.072,0
12,30.4547465,78.081985,2003,-14.35933654,2003,-0.256,-0.256,10.29,71,2.72,1015,0.135,1
13,29.5892407,79.646666,1672,-14.68149949,1672,-0.262,-0.262,11.72,84,0.04,1016,0.179,0
14,29.5828604,80.2181884,1560,9.648045316,1560,0.17,0.17,11.15,93,1.08,1016,0.188,0
15,30.5561089,79.5616759,1908,-31.21586306,1908,-0.606,-0.606,11.94,74,1.13,1021,0.086,0
16,30.2850407,78.982194,663,0,663,0,0,18.03,75,1.6,1016,0.097,0
17,30.7433085,79.4937634,3125,-2.976699468,3125,-0.052,-0.052,4.52,76,1.07,1023,0.181,0
18,30.3826973,78.4409754,1623,-15.96052949,1623,-0.286,-0.286,12.23,78,1.97,1016,0.206,0
19,30.7305713,78.4436728,1130,32.37469735,1130,0.634,0.634,16.17,62,2.32,1017,0.107,0
20,30.066753,79.0192997,2224,21.50444024,2224,0.394,0.394,8.71,77,1.3,1016,0.122,0
21,31.959205,77.1089377,1219,-0.458356458,1219,-0.008,-0.008,16.22,60,2.22,1018,0.087,0
22,32.219042,76.3234037,1326,15.53593065,1326,0.278,0.278,16.07,61,3.03,1016,0.122,1
23,32.5533633,76.1258083,934,3.090970004,934,0.054,0.054,18.48,61,2.78,1016,0.081,0
24,31.6509576,78.4751945,3566,-24.51298581,3566,-0.456,-0.456,3.46,76,1.22,1021,0.059,0
25,32.0099986,77.3149625,1592,8.081968135,1592,0.142,0.142,14.27,61,2.17,1020,0.172,0
26,33.0813532,76.3983208,2660,10.64732771,2660,0.188,0.188,7.16,59,1.21,1021,0.071,0
27,30.146574,78.7766948,1623,-4.460040468,1623,-0.078,-0.078,11.35,80,1.76,1015,0.143,0
28,29.6433615,79.4321825,1793,-11.85977912,1793,-0.21,-0.21,10.78,85,1.33,1015,0.125,0
29,27.632451,91.7538817,3126,49.2363948,3126,1.16,1.16,2.11,90,1.36,1021,0.279,1
30,27.544912,93.8196686,1571,2.74808818,1571,0.048,0.048,10.74,92,1.81,1018,0.31,0
31,27.2644943,92.4159308,2318,17.84855855,2318,0.322,0.322,7.25,94,2.4,1019,0.265,1
32,25.1688028,93.0177433,676,-0.343770552,676,-0.006,-0.006,17.89,97,0.84,1013,0.31,0
33,27.3197716,88.2400333,1444,-13.92834194,1444,-0.248,-0.248,13.75,88,2.27,1020,0.309,1
34,27.1666353,88.3619334,1466,-19.1878966,1466,-0.348,-0.348,11.6,92,2.01,1017,0.309,1
35,27.251848,88.7775017,2778,-7.857190926,2778,-0.138,-0.138,5.29,80,3.08,1020,0.276,1
36,31.5376578,78.2753776,2154,-3.776044985,2154,-0.066,-0.066,11.44,78,1.08,1021,0.07,0
37,27.3724262,88.2229909,1747,2.862405226,1747,0.05,0.05,12.02,85,2.19,1021,0.311,0
38,27.0863078,88.6615125,2054,-6.842773413,2054,-0.12,-0.12,8.16,87,2.74,1017,0.276,1
39,28.6000804,94.135245,1920,-0.687516355,1920,-0.012,-0.012,10.68,94,1.95,1022,0.311,0
40,13.5026635,75.0903154,672,-1.145762838,672,-0.02,-0.02,20.4,98,0.65,1012,0.279,0
41,13.8623079,74.8752009,1216,-17.4322886,1216,-0.314,-0.314,17.08,96,0.5,1012,0.315,1
42,10.3269734,76.9553967,1096,0.802088513,1096,0.014,0.014,18.78,96,0.99,1013,0.272,0
43,25.2702095,91.7322884,1304,2.633749234,1304,0.046,0.046,14.85,84,2.48,1014,0.295,0
44,24.5925909,72.7156274,1190,-0.343770552,1190,-0.006,-0.006,21.5,52,1.61,1011,0.154,0
45,8.7599422,77.1168753,899,-4.915342887,899,-0.086,-0.086,21.3,95,1.11,1012,0.276,0
46,10.2391086,77.4977456,2040,-1.145762838,2040,-0.02,-0.02,12.9,96,1.23,1013,0.306,0
47,11.3438958,76.7945213,1712,8.75477299,1712,0.154,0.154,15.3,92,1.24,1014,0.308,0
48,11.7747924,78.2097052,1422,-3.433630362,1422,-0.06,-0.06,17.11,89,1.06,1011,0.342,0
49,11.703206,76.0833999,741,2.290610043,741,0.04,0.04,20.01,99,0.24,1013,0.345,0
50,9.8583987,76.9527836,727,-7.632170072,727,-0.134,-0.134,21.28,98,0.4,1013,0.26,0
51,18.3222221,82.8801765,937,-0.343770552,937,-0.006,-0.006,20.11,94,0.73,1013,0.08,0
52,17.3119656,77.8635836,679,-2.405009259,679,-0.042,-0.042,22.11,87,1.95,1012,0.303,0
53,10.5353931,76.6936074,999,-0.916654256,999,-0.016,-0.016,17.94,98,1.3,1012,0.272,0
54,10.0564306,77.1197521,1670,8.75477299,1670,0.154,0.154,15.29,96,0.87,1013,0.306,0
55,10.5353931,76.6936074,999,-0.916654256,999,-0.016,-0.016,17.94,98,1.3,1012,0.272,0
56,9.8583987,76.9527836,727,-7.632170072,727,-0.134,-0.134,21.28,98,0.4,1013,0.26,0
57,9.6861814,76.9052294,1007,-1.832839506,1007,-0.032,-0.032,18.93,97,0.35,1012,0.285,0
58,10.0564306,77.1197521,1670,8.75477299,1670,0.154,0.154,15.29,96,0.87,1013,0.306,0
59,9.5477491,77.0351393,1068,4.915342887,1068,0.086,0.086,19.17,97,0.41,1012,0.268,0
60,9.578297,77.015369,1044,2.061757691,1044,0.036,0.036,18.76,98,0.4,1012,0.229,0
61,9.4358536,77.1657716,1195,2.976699468,1195,0.052,0.052,18.16,96,0.98,1013,0.279,0
62,10.2783074,76.8584028,945,-5.937416099,945,-0.104,-0.104,19.09,98,0.42,1013,0.279,0
63,12.4279965,75.3616223,569,-2.405009259,569,-0.042,-0.042,20.36,98,0.74,1011,0.34,0
64,11.6103277,76.0828087,749,0.687516355,749,0.012,0.012,19.73,99,0.18,1012,0.282,0
65,11.5549739,76.1348944,863,-0.572938698,863,-0.01,-0.01,19.22,99,0.35,1012,0.344,0
66,11.3632269,76.0101767,34,-1.145762838,34,-0.02,-0.02,24.42,97,0.88,1011,0.331,0
67,13.3161441,75.7720439,1039,0.343770552,1039,0.006,0.006,19.2,97,1.13,1013,0.297,0
68,12.3374942,75.8069082,907,-0.687516355,907,-0.012,-0.012,20.03,99,0.53,1013,0.29,0
69,13.3908855,75.7213295,1887,-18.77803322,1887,-0.34,-0.34,13.92,98,0.84,1013,0.31,0
70,12.9441511,75.7865653,918,-2.519389291,918,-0.044,-0.044,20.06,98,0.94,1013,0.325,0
71,14.093993,74.4898633,7,0.229181896,7,0.004,0.004,25.92,87,1.38,1011,0.284,0
72,11.9322003,75.9940526,1585,-18.36616641,1585,-0.332,-0.332,15.23,99,0.45,1013,0.347,0
73,13.2226055,75.2508229,794,2.976699468,794,0.052,0.052,20.37,99,0.42,1012,0.276,0
74,13.370154,77.6834551,1468,-25.07959402,1468,-0.468,-0.468,17.59,100,1.03,1012,0.319,0
75,15.3350132,76.460024,437,-2.74808818,437,-0.048,-0.048,24.71,84,1.89,1011,0.419,0
76,11.998775,77.1398311,1216,-5.483590444,1216,-0.096,-0.096,17.52,97,1.3,1012,0.327,0
77,15.4315406,75.6355149,659,-0.802088513,659,-0.014,-0.014,23.75,83,1.1,1011,0.395,0
78,34.1525864,77.5770535,3410,2.633749234,3410,0.046,0.046,5.65,30,2.42,1021,0.08,1
79,31.104963,77.1639874,2148,-9.536635758,2148,-0.168,-0.168,9.24,62,2.37,1016,0.109,1
80,30.1157619,78.2853017,384,-1.145762838,384,-0.02,-0.02,20.71,74,2.52,1013,0.089,0
81,30.0715174,80.2373401,2160,-3.090970004,2160,-0.054,-0.054,9.99,88,2.11,1020,0.236,1
82,31.4254859,78.2649956,2667,8.306495185,2667,0.146,0.146,8.08,78,0.61,1022,0.083,1
83,31.5376578,78.2753776,2154,-3.776044985,2154,-0.066,-0.066,11.44,78,1.08,1021,0.07,1
84,32.0456253,76.7235513,1550,10.64732771,1550,0.188,0.188,14.54,59,2.27,1017,0.087,0
85,29.4230103,79.427488,1989,11.30993247,1989,0.2,0.2,10.11,78,1.78,1015,0.137,0
86,30.066753,79.0192997,2224,21.50444024,2224,0.394,0.394,8.71,77,1.3,1016,0.122,1
87,30.4049903,78.2333743,1847,-12.07910463,1847,-0.214,-0.214,12.01,74,2.33,1015,0.142,0
88,30.7350847,79.0668788,3535,4.915342887,3535,0.086,0.086,2.02,70,2.3,1023,0.254,1
89,30.9946945,78.9398402,3065,24.98551916,3065,0.466,0.466,5.2,71,1.33,1023,0.058,1
90,27.3516407,88.3239309,954,26.19718606,954,0.492,0.492,15.79,86,2.16,1020,0.219,0
91,27.3865684,88.8308731,4282,10.64732771,4282,0.188,0.188,-4.61,84,2.52,1021,0.222,0
92,30.3461908,79.0485059,1460,27.02158159,1460,0.51,0.51,13.45,74,1.71,1017,0.15,1
93,25.2973371,91.5826509,1432,0.343770552,1432,0.006,0.006,13.88,83,2.37,1014,0.295,0
94,25.1840249,92.0248701,20,13.38733365,20,0.238,0.238,22.53,82,2.07,1013,0.291,0
95,22.8889908,92.7455429,1080,-6.616737898,1080,-0.116,-0.116,16.12,96,1.21,1012,0.193,0
96,24.3460416,93.6999733,822,0.572938698,822,0.01,0.01,17.67,98,0.59,1014,0.181,0
97,23.5638643,91.6760691,68,-2.633749234,68,-0.046,-0.046,22.39,95,1.25,1011,0.276,0
98,28.2095831,83.9855674,849,1.03121267,849,0.018,0.018,16.44,83,2.61,1016,0.157,0
99,27.67207,85.4282951,1346,-2.862405226,1346,-0.05,-0.05,16.99,88,1.03,1016,0.11,1
100,27.7173579,85.5045711,1624,0.687516355,1624,0.012,0.012,14.99,88,1.03,1016,0.065,0
101,27.6253491,85.5560635,1404,-15.85454643,1404,-0.284,-0.284,16.13,91,1.17,1016,0.122,0
102,27.9841839,84.6269824,868,9.536635758,868,0.168,0.168,16.22,88,1.26,1015,0.194,0
103,28.1962471,84.3857442,924,-5.710593137,924,-0.1,-0.1,16.43,86,2.56,1016,0.233,0
104,28.666667,84.016667,3559,17.11883234,3559,0.308,0.308,2.1,82,1.37,1024,0.177,0
105,28.2765491,84.3542049,992,-16.17215902,992,-0.29,-0.29,15.99,85,2.9,1017,0.233,0
106,28.414289,83.3862839,1146,24.22774532,1146,0.45,0.45,17.7,87,0.68,1018,0.27,0
107,28.9985065,83.8473015,3698,-1.603862771,3698,-0.028,-0.028,3.28,74,2.51,1022,0.075,0
108,27.7784288,86.1751759,2074,-9.648045316,2074,-0.17,-0.17,11.62,82,1.06,1019,0.243,1
109,27.9128401,85.9256634,1333,19.69736739,1333,0.358,0.358,15.88,86,0.59,1020,0.134,0
110,27.319307,86.1039189,1383,-17.01411071,1383,-0.306,-0.306,14.07,88,1.57,1015,0.135,1
111,27.5285353,85.643487,1385,-0.916654256,1385,-0.016,-0.016,16.82,91,1.45,1016,0.179,0
112,27.944705,84.2278796,573,5.824027516,573,0.102,0.102,16.49,94,1.22,1014,0.194,0
113,27.9194201,85.1660825,1006,2.061757691,1006,0.036,0.036,18.89,87,1.77,1017,0.119,0
114,27.2568824,85.971322,1267,15.7484519,1267,0.282,0.282,13.91,89,2.11,1015,0.144,0
115,27.5517986,83.0468775,103,0.114591406,103,0.002,0.002,22.3,74,1.62,1012,0.212,0
116,20.8253781,73.7007088,467,-1.145762838,467,-0.02,-0.02,23.28,91,1.93,1011,0.318,0
117,27.9999695,82.4752757,627,-0.114591406,627,-0.002,-0.002,18.88,81,2.21,1014,0.124,0
118,28.0547578,81.614468,151,0.114591406,151,0.002,0.002,22.05,74,1.87,1012,0.128,0
119,28.3102323,81.4278984,157,0,157,0,0,21.74,77,1.86,1012,0.096,0
120,27.9128401,85.9256634,1333,19.69736739,1333,0.358,0.358,15.88,86,0.59,1020,0.134,0
121,26.8517875,86.6611083,420,14.89574999,420,0.266,0.266,20.23,83,2.07,1013,0.184,0
122,26.6799002,87.460397,177,1.03121267,177,0.018,0.018,21.72,77,2.12,1013,0.188,0
123,26.5049546,87.8752249,87,0,87,0,0,21.28,82,2.84,1013,0.242,0
124,26.6275522,87.1821709,96,-0.229181896,96,-0.004,-0.004,21.98,78,2.06,1013,0.153,0
125,26.9834552,87.3214908,782,12.51667391,782,0.222,0.222,16.67,91,2.49,1015,0.146,0
126,27.1779842,87.0524338,1590,8.978510951,1590,0.158,0.158,13.46,91,0.41,1016,0.135,0
127,27.1838128,86.7818523,1436,15.10957512,1436,0.27,0.27,14.97,88,1.1,1016,0.134,0
128,27.323995,86.504708,1871,-7.068595117,1871,-0.124,-0.124,11.56,87,1.73,1017,0.206,0
129,27.6991681,86.7416374,3836,33.9799701,3836,0.674,0.674,-0.52,62,2.31,1022,0.277,1
130,27.3540207,87.6679765,1855,-19.08562008,1855,-0.346,-0.346,11.44,91,1.1,1018,0.221,0
131,27.116667,87.533333,1493,0.114591406,1493,0.002,0.002,12.42,94,1.56,1017,0.148,0
132,27.617367,87.3016132,2194,10.75796709,2194,0.19,0.19,9.69,82,1.58,1019,0.25,1
133,27.2568824,85.971322,1267,15.7484519,1267,0.282,0.282,13.91,89,2.11,1015,0.144,0
134,27.5546357,85.023346,1023,-7.068595117,1023,-0.124,-0.124,18.64,86,1.76,1015,0.15,0
135,28.0783862,83.543836,1047,24.89130012,1047,0.464,0.464,15.41,93,1.2,1015,0.168,0
136,27.8149251,85.6280697,1731,3.776044985,1731,0.066,0.066,14.2,88,0.88,1017,0.26,0
137,-3.0674247,37.3556273,5834,-5.142764558,5834,-0.09,-0.09,-8.47,91,0.38,1019,0.301,1
138,-3.2392763,36.7626981,3649,-17.53653617,3649,-0.316,-0.316,4.69,92,0.76,1017,0.194,1
139,-0.023559,37.906193,818,1.947306373,818,0.034,0.034,24.2,70,1.52,1014,0.128,0
140,-1.2920659,36.8219462,1662,0.114591406,1662,0.002,0.002,18.41,87,2.29,1017,0.328,0
141,-4.0434771,39.6682065,22,0.458356458,22,0.008,0.008,24.96,86,2.68,1014,0.056,0
142,-0.0917016,34.7679568,1183,1.03121267,1183,0.018,0.018,20.42,83,3.88,1014,0.318,0
143,0.5142775,35.2697802,2072,2.74808818,2072,0.048,0.048,15.46,91,2.63,1017,0.32,1
144,0.307894,34.7740793,1545,0.229181896,1545,0.004,0.004,16.97,92,3.06,1015,0.308,0
145,-0.437099,36.9580104,1798,-2.405009259,1798,-0.042,-0.042,15.11,92,0.93,1018,0.266,0
146,-0.1521384,37.3084079,5020,-42.11358146,5020,-0.904,-0.904,-2.86,87,0.51,1020,0.316,1
147,-3.3869254,36.6829927,1363,1.03121267,1363,0.018,0.018,19.88,82,2.69,1016,0.136,0
148,-2.5164305,32.9174517,1265,2.061757691,1265,0.036,0.036,23.08,69,1.06,1012,0.16,0
149,-8.9094014,33.4607744,1712,0.229181896,1712,0.004,0.004,18.55,69,2.55,1015,0.26,0
150,-1.9440727,30.0618851,1525,-8.866676044,1525,-0.156,-0.156,17.14,93,3.6,1016,0.388,0
151,-2.6005173,29.7419201,1742,1.260303847,1742,0.022,0.022,16,97,1.33,1016,0.344,0
152,-1.6990482,29.2560996,1474,1.947306373,1474,0.034,0.034,18.84,89,0.7,1016,0.278,0
153,-2.5123017,28.8480284,1579,-1.374834781,1579,-0.024,-0.024,18.34,90,0.61,1015,0.29,0
154,-1.658501,29.2204548,1540,2.633749234,1540,0.046,0.046,18.11,90,0.53,1017,0.278,0
155,-3.361378,29.3598782,787,0.343770552,787,0.006,0.006,24.53,77,0.85,1014,0.098,0
156,9.0562646,7.4985259,490,1.603862771,490,0.028,0.028,21.09,70,0.93,1012,0.331,0
157,6.5243793,3.3792057,8,0.114591406,8,0.002,0.002,26.92,82,4.48,1013,0.194,0
158,4.8472226,6.974604,18,0,18,0,0,26.09,94,0,1013,0.223,0
159,10.503644,7.4337395,580,1.260303847,580,0.022,0.022,25.77,46,0.27,1012,0.317,0
160,9.8965273,8.8583309,1270,-0.458356458,1270,-0.008,-0.008,21.2,53,0.36,1014,0.288,0
161,8.1227496,4.2435893,325,0.802088513,325,0.014,0.014,25.13,90,1.96,1013,0.252,0
162,7.147502,3.3619356,66,-0.687516355,66,-0.012,-0.012,24.54,95,2.33,1013,0.288,0
163,7.3775355,3.9470396,227,-0.229181896,227,-0.004,-0.004,23.23,96,1.48,1013,0.328,0
164,8.4870803,-13.2354918,34,-2.74808818,34,-0.048,-0.048,24.03,83,13.38,1013,0.196,0
165,6.3156068,-10.8073698,18,0.114591406,18,0.002,0.002,25.63,83,3.03,1013,0.295,0
166,5.5592846,-0.1974306,38,0.229181896,38,0.004,0.004,27.16,83,6.69,1013,0.213,0
167,13.454375,-16.5753186,6,-0.687516355,6,-0.012,-0.012,28.14,78,2.57,1013,0.063,0
168,12.6461525,-8.0016548,337,0.343770552,337,0.006,0.006,30.19,58,3.09,1012,0.29,0
169,9.5090945,-13.7119312,16,-0.343770552,16,-0.006,-0.006,27.03,89,3.09,1012,0.363,0
170,-33.922087,18.4231418,14,0.572938698,14,0.01,0.01,14.83,65,8.23,1023,0.158,0
171,-26.205647,28.0337185,1737,-1.718358002,1737,-0.03,-0.03,19.51,30,1.56,1014,0.092,0
172,-29.8586804,31.0218404,32,-2.519389291,32,-0.044,-0.044,18.45,90,2.64,1019,0.228,0
173,-25.7565723,28.1913815,1355,-1.260303847,1355,-0.022,-0.022,22.16,21,2.06,1013,0.078,0
174,-20.1457125,28.5873388,1343,-0.343770552,1343,-0.006,-0.006,23.59,28,2.57,1013,0.101,0
175,-17.8262928,31.0503723,1488,0.343770552,1488,0.006,0.006,21.57,35,5.28,1015,0.288,0
176,-13.9865252,33.76806,1048,0.343770552,1048,0.006,0.006,24.67,41,1.85,1013,0.118,0
177,-15.7666707,35.0167866,1166,-17.32792178,1166,-0.312,-0.312,22.82,27,2.88,1014,0.094,0
178,-15.4154677,28.2773267,1280,0.114591406,1280,0.002,0.002,23.37,21,2.87,1012,0.08,0
179,-17.8519791,25.8285153,912,1.718358002,912,0.03,0.03,27.37,24,1.36,1010,0.054,0
180,-25.969248,32.5731746,23,2.290610043,23,0.04,0.04,23.16,78,3.6,1017,0.071,0
181,-19.8315949,34.8370183,17,-1.03121267,17,-0.018,-0.018,23.01,83,2.57,1015,0.07,0
182,-15.1266347,39.2687161,398,2.290610043,398,0.04,0.04,23.15,78,4.63,1015,0.086,0
183,-24.6580003,25.9077037,1016,-0.687516355,1016,-0.012,-0.012,26.94,16,3.6,1012,0.053,0
184,-22.5649344,17.0842147,1678,-1.603862771,1678,-0.028,-0.028,23.25,21,3.6,1016,0.043,0
185,36.8064948,10.1815316,5,-0.229181896,5,-0.004,-0.004,17.99,82,3.09,1017,0.268,0
186,36.753768,3.0587561,37,-2.519389291,37,-0.044,-0.044,18.86,68,2.57,1021,0.221,0
187,33.5731104,-7.5898434,48,0.572938698,48,0.01,0.01,20.8,78,4.12,1022,0.131,0
188,31.6225224,-7.9898258,469,0,469,0,0,23.97,33,2.57,1020,0.142,0
189,34.0181246,-5.0078451,426,-0.114591406,426,-0.002,-0.002,16.95,94,2.06,1022,0.279,0
190,4.362156,18.5827765,351,1.374834781,351,0.024,0.024,22.91,94,0.28,1011,0.271,0
191,12.1191352,15.0502875,298,-0.114591406,298,-0.002,-0.002,29.99,70,2.06,1010,0.105,0
192,3.7549606,8.7821344,33,-3.776044985,33,-0.066,-0.066,26.46,84,3.81,1014,0.299,0
193,0.4077972,9.4402833,11,0.229181896,11,0.004,0.004,26.99,83,4.12,1013,0.31,0
194,3.8616853,11.5202292,716,0.114591406,716,0.002,0.002,20.48,97,1.25,1014,0.313,0
195,4.0510564,9.7678687,42,-0.343770552,42,-0.006,-0.006,24.15,94,0.7,1013,0.276,0
196,-20.1608912,57.5012222,6,0.802088513,6,0.014,0.014,22,88,4.81,1019,0.093,0
197,-18.9184607,47.5211293,1253,1.145762838,1253,0.02,0.02,17.07,100,3.6,1017,0.129,0
198,-11.7061223,43.2517012,18,-2.061757691,18,-0.036,-0.036,25.63,83,1.58,1015,0.068,0
199,-4.6211298,55.4522153,2,9.981829288,2,0.176,0.176,27,78,4.12,1012,0,1
200,-4.679574,55.491977,356,-9.648045316,356,-0.17,-0.17,24.86,78,4.12,1012,0,1
201,-12.8275,45.166244,205,9.425153365,205,0.166,0.166,24.97,83,2.06,1015,0.049,1
202,-13.3150186,48.2592606,135,2.976699468,135,0.052,0.052,25.46,75,1.15,1015,0.085,1
203,-15.6921494,46.3336857,15,-0.916654256,15,-0.016,-0.016,26.06,78,3.6,1015,0.031,0
204,-23.3516191,43.6854936,7,0.572938698,7,0.01,0.01,23.13,79,2.53,1016,0.071,0
205,-4.3032527,15.310528,285,-0.572938698,285,-0.01,-0.01,23.88,90,1.99,1013,0.239,0
206,6.1295577,1.2196502,11,-0.229181896,11,-0.004,-0.004,27.06,89,5.14,1013,0.204,0
207,6.3562425,2.4277995,9,0,9,0,0,26.31,86,4.9,1013,0.177,0
208,6.4786238,2.6203212,20,0,20,0,0,25.49,89,3.18,1013,0.174,0
209,12.3714277,-1.5196603,297,-0.229181896,297,-0.004,-0.004,31.06,58,1.54,1011,0.048,0
210,13.5115963,2.1253854,222,-0.229181896,222,-0.004,-0.004,35.01,29,1.03,1010,0.02,0
211,14.716677,-17.4676861,38,-0.229181896,38,-0.004,-0.004,27.88,89,2.06,1012,0.174,0
212,6.6666004,-1.6162709,258,-0.229181896,258,-0.004,-0.004,22.45,96,1.29,1013,0.309,0
213,-1.3824923,36.86102,1586,2.061757691,1586,0.036,0.036,17.75,88,1.88,1017,0.364,0
214,-3.1617522,35.5876697,1762,-0.114591406,1762,-0.002,-0.002,17.93,82,1.27,1016,0.236,0
215,30.5722599,104.0665099,485,-0.114591406,485,-0.002,-0.002,17.53,95,2.06,1015,0.309,0
216,25.2736099,110.29002,150,0.687516355,150,0.012,0.012,18.19,84,3.33,1019,0.279,0
217,28.7512999,104.6417,322,0.229181896,322,0.004,0.004,18.62,95,0.25,1014,0.349,1
218,26.8564799,100.2270999,2385,0.229181896,2385,0.004,0.004,10.06,89,1.92,1019,0.253,0
219,29.1166699,110.47839,160,-0.916654256,160,-0.016,-0.016,15.15,91,1.54,1024,0.258,1
220,29.6472399,91.11745,3650,0.572938698,3650,0.01,0.01,5.11,58,1.49,1020,0.084,1
221,29.6526199,91.13775,3658,-0.343770552,3658,-0.006,-0.006,5,58,1.5,1020,0.084,1
222,29.6489499,94.36155,2994,0.229181896,2994,0.004,0.004,4.92,97,0.72,1024,0.236,1
223,36.6172899,101.77782,2264,-0.916654256,2264,-0.016,-0.016,5.13,86,1.41,1020,0.355,0
224,38.9259199,100.44981,1482,0,1482,0,0,8.04,65,1.12,1021,0.153,0
225,29.3458899,110.55042,316,11.19970602,316,0.198,0.198,14.12,88,1.86,1024,0.383,0
226,28.2624399,109.69811,191,0,191,0,0,15,88,3.87,1023,0.244,0
227,29.3254299,107.75993,171,8.978510951,171,0.158,0.158,17.55,97,2.85,1019,0.419,0
228,31.0185505,109.4009301,173,2.519389291,173,0.044,0.044,16.59,94,2.68,1021,0.365,0
229,31.4675099,104.6795999,472,-0.114591406,472,-0.002,-0.002,16.55,96,3.67,1016,0.314,0
230,31.2086399,107.46791,297,2.74808818,297,0.048,0.048,17.24,92,2.01,1018,0.358,0
231,32.4354899,105.84357,489,0.114591406,489,0.002,0.002,15.57,94,1.55,1018,0.34,1
232,27.8425399,99.74317,3294,0.343770552,3294,0.006,0.006,1.84,98,0.94,1023,0.138,0
233,26.5675599,107.9804,735,-2.74808818,735,-0.048,-0.048,15.01,94,1.71,1019,0.377,1
234,35.48872,106.31139,2003,-5.824027516,2003,-0.102,-0.102,6.48,97,2.33,1018,0.288,0
235,18.2524799,109.51209,6,-0.229181896,6,-0.004,-0.004,24.26,86,1.71,1012,0.178,0
236,29.7151699,118.33866,121,0.458356458,121,0.008,0.008,14.87,89,2.03,1024,0.3,1
237,33.0052799,97.0065,3686,2.519389291,3686,0.044,0.044,0.85,50,2.53,1024,0.256,0
238,23.1290799,113.26436,20,0.114591406,20,0.002,0.002,26.92,68,4.22,1015,0.23,0
239,30.2741499,120.15515,19,-0.916654256,19,-0.016,-0.016,15.95,78,2.74,1026,0.406,0
240,34.2658138,108.9540936,409,-0.229181896,409,-0.004,-0.004,13.31,58,4.97,1021,0.254,0
241,28.6820199,115.8579399,16,0.343770552,16,0.006,0.006,16.72,76,5.84,1023,0.374,0
242,22.5786499,113.08161,8,0.572938698,8,0.01,0.01,28.27,82,1.05,1014,0.178,0
243,23.0468999,112.46528,17,-0.114591406,17,-0.002,-0.002,24.74,85,1.89,1015,0.188,0
244,24.8796599,102.83322,1928,0.458356458,1928,0.008,0.008,14.27,93,1.85,1016,0.344,0
245,31.4909899,120.31237,4,0.229181896,4,0.004,0.004,14.37,72,4.22,1026,0.298,0
246,28.3117299,109.73893,201,-0.343770552,201,-0.006,-0.006,15.01,87,3.68,1023,0.244,0
247,24.6429,110.61246,212,-2.519389291,212,-0.044,-0.044,18.65,87,1.54,1018,0.339,0
248,25.8347399,105.21904,1534,-2.290610043,1534,-0.04,-0.04,16.04,96,1.59,1015,0.339,0
249,26.0829399,103.18773,1308,-1.145762838,1308,-0.02,-0.02,17.87,94,2.21,1017,0.32,0
250,29.5522099,103.76539,369,0.343770552,369,0.006,0.006,17.87,94,0.85,1015,0.333,0
251,23.6566999,116.62296,15,-0.458356458,15,-0.008,-0.008,24.13,89,1.64,1016,0.156,0
252,26.4203399,111.61225,105,-0.114591406,105,-0.002,-0.002,17.61,88,3.26,1021,0.4,0
253,30.66469,117.4914191,19,-1.145762838,19,-0.02,-0.02,13.26,74,5.05,1026,0.268,0
254,27.5697399,110.0016,239,0.343770552,239,0.006,0.006,15.65,90,2.24,1022,0.34,0
255,24.4034599,111.56655,108,-0.229181896,108,-0.004,-0.004,19.42,92,2.35,1018,0.287,0
256,30.1995299,115.0389,18,0.229181896,18,0.004,0.004,15.1,77,1.56,1024,0.236,0
257,30.8379015,106.1105999,340,1.832839506,340,0.032,0.032,17.2,85,2.88,1016,0.318,0
258,32.6848599,109.02932,277,-1.374834781,277,-0.024,-0.024,11.05,83,2.48,1025,0.304,0
259,36.0613799,103.83417,1525,-1.947306373,1525,-0.034,-0.034,10.77,78,1.61,1019,0.376,0
260,26.0742099,119.29647,13,0.802088513,13,0.014,0.014,21.59,89,2.4,1020,0.201,0
261,40.8414899,111.75199,1071,0.572938698,1071,0.01,0.01,6.13,65,2.78,1024,0.322,0
262,38.0427599,114.5143,76,0.687516355,76,0.012,0.012,7.35,38,1.23,1034,0.272,0
263,35.1046499,118.3564599,67,0.114591406,67,0.002,0.002,6.54,69,3.85,1031,0.294,0
264,35.4145899,116.58724,40,0.343770552,40,0.006,0.006,6.97,66,2.86,1032,0.255,0
265,34.8107099,117.32196,91,-0.343770552,91,-0.006,-0.006,7.46,71,1.65,1031,0.248,0
266,46.5875799,125.10307,148,0.114591406,148,0.002,0.002,-2.84,32,3.88,1034,0.192,0
267,45.7567307,126.6424173,151,-0.343770552,151,-0.006,-0.006,-2.33,35,3.44,1036,0.273,0
268,34.7472499,113.62493,107,0.458356458,107,0.008,0.008,7.97,48,5.71,1032,0.311,0
269,29.868336,121.54399,10,1.260303847,10,0.022,0.022,16.67,79,3.55,1024,0.371,0
270,29.0781199,119.64759,42,0.229181896,42,0.004,0.004,15.1,86,2.27,1025,0.445,0
271,34.2043999,117.28577,38,0,38,0,0,8.1,68,4.77,1031,0.229,0
272,31.2983399,120.58319,15,-1.374834781,15,-0.024,-0.024,13.87,75,3.15,1026,0.279,0
273,37.4635299,121.44801,4,0,4,0,0,10.15,62,5.61,1031,0.302,0
274,36.0662299,120.38299,9,0.229181896,9,0.004,0.004,8.97,60,4.32,1031,0.317,0
275,38.9139899,121.6147,31,-2.061757691,31,-0.036,-0.036,1.94,44,1,1032,0.292,0
276,-33.3856304,150.4865272,372,-3.433630362,372,-0.06,-0.06,14.41,96,1.03,1019,0.151,0
277,-33.5906899,150.2547707,1070,-4.232173805,1070,-0.074,-0.074,9.98,95,0.99,1019,0.116,0
278,-32.5520391,148.9492902,310,-0.916654256,310,-0.016,-0.016,12.59,89,1.29,1018,0.299,0
279,-37.3535514,142.3312968,294,0,294,0,0,8.34,96,2.23,1024,0.239,0
280,-38.7912177,143.5419225,186,-0.114591406,186,-0.002,-0.002,10.27,97,1.67,1024,0.274,0
281,-36.5,148.3333333,1685,-12.62583688,1685,-0.224,-0.224,0.88,74,0.92,1022,0.279,0
282,-37.8334732,145.3501044,592,1.145762838,592,0.02,0.02,9.29,87,1.02,1023,0.247,0
283,-42.0409059,146.8087322,905,-0.114591406,905,-0.002,-0.002,5.06,88,3.03,1022,0.249,0
284,-31.5469667,138.3927818,198,0.343770552,198,0.006,0.006,15.14,58,3.03,1021,0.066,0
285,-34.9735979,138.708631,711,-14.68149949,711,-0.262,-0.262,7.61,82,2.06,1024,0.231,0
286,-23.698042,133.8807471,582,0.343770552,582,0.006,0.006,18.76,42,3.09,1018,0.038,0
287,-25.3444277,131.0368822,827,-4.004172941,827,-0.07,-0.07,18.9,40,5.31,1017,0.033,0
288,-45.0301511,168.6615141,325,0.802088513,325,0.014,0.014,10.75,60,1.33,1023,0.269,0
289,-43.5320301,172.636648,15,-0.687516355,15,-0.012,-0.012,13.15,88,3.09,1022,0.198,0
290,-41.2923814,174.7787463,16,-0.572938698,16,-0.01,-0.01,13.55,79,4.63,1025,0.281,0
291,-45.8795455,170.5005957,10,2.519389291,10,0.044,0.044,13.28,80,0.55,1021,0.265,0
292,-46.4178708,168.3614659,8,0.458356458,8,0.008,0.008,14.44,79,1.7,1021,0.273,0
293,-44.8490774,168.3876691,320,-0.343770552,320,-0.006,-0.006,10.98,71,2.2,1023,0.273,0
294,-42.6919232,171.3399414,745,3.090970004,745,0.054,0.054,8.96,63,0.38,1025,0.247,1
295,-43.5949749,170.1417883,3641,-32.70046294,3641,-0.642,-0.642,-11.24,90,1.64,1026,0,0
296,-45.4084942,167.3591318,600,2.061757691,600,0.036,0.036,8.36,67,0.98,1022,0.233,0
297,-39.1928169,175.5938117,1309,-1.603862771,1309,-0.028,-0.028,8.79,63,0.25,1024,0.181,0
298,-41.1334722,-71.3102778,801,-3.661935576,801,-0.064,-0.064,23.31,13,7.72,1003,0.112,0
299,-50.3305556,-73.2341667,898,-6.164052443,898,-0.108,-0.108,3.38,97,4.47,1005,0,0
300,-32.8894587,-68.8458386,766,0,766,0,0,32.62,27,6.69,1000,0.206,1
301,-23.8634189,-69.1328491,2639,3.205215931,2639,0.056,0.056,20.6,7,6.94,1009,0.059,1
302,-21.1607667,-66.7752471,3890,0.572938698,3890,0.01,0.01,18.78,8,4.78,1003,0.058,0
303,-35.675147,-71.542969,195,0.114591406,195,0.002,0.002,23.44,53,6.22,1007,0.249,0
304,-33.4488897,-70.6692655,544,-0.114591406,544,-0.002,-0.002,21.65,49,6.17,1008,0.172,0
305,-31.4200833,-64.1887761,408,-1.145762838,408,-0.02,-0.02,30.2,38,9.77,1005,0.275,0
306,-32.522779,-55.765835,87,0.458356458,87,0.008,0.008,23.45,64,3.45,1013,0.134,0
307,-53.8671117,-69.297214,173,-0.114591406,173,-0.002,-0.002,9.28,59,6.4,1000,0.253,0
308,-21.1343065,-175.2004858,5,-0.114591406,5,-0.002,-0.002,26.16,89,5.14,1008,0.333,0
309,-9.4306698,159.9526758,8,-0.916654256,8,-0.016,-0.016,25.97,87,2.34,1012,0.266,0
310,-17.742979,168.3173027,41,0.572938698,41,0.01,0.01,20.9,94,1.54,1014,0.286,0
311,-13.831609,-171.7689086,8,-0.458356458,8,-0.008,-0.008,29.95,79,6.38,1013,0.155,0
312,-18.1405049,178.4232507,14,-1.718358002,14,-0.03,-0.03,23.92,78,2.06,1010,0.332,0
313,52.9005511,-3.8963266,220,3.090970004,220,0.054,0.054,8.95,96,2.3,1012,0.349,0
314,53.29916,-1.801692,364,0,364,0,0,7.63,95,2.49,1013,0.315,0
315,56.4906712,-4.2026458,107,-0.114591406,107,-0.002,-0.002,7.41,97,1.82,1009,0.309,0
316,50.5036299,-4.6524982,136,5.142764558,136,0.09,0.09,11.76,85,4.05,1014,0.347,0
317,57.2736278,-6.2155022,247,3.890124404,247,0.068,0.068,7.48,81,6.97,1006,0.766,0
318,51.147427,-2.718454,22,-0.114591406,22,-0.002,-0.002,11.5,94,2.06,1015,0.382,0
319,48.2774862,8.185997,347,-11.30993247,347,-0.2,-0.2,12.99,100,0.78,1021,0.258,0
320,48.1319124,11.5709058,520,0.572938698,520,0.01,0.01,13.62,92,1.26,1021,0.311,0
321,50.9071824,14.3262354,313,-1.832839506,313,-0.032,-0.032,12.18,64,0.45,1023,0.258,0
322,50.4720052,10.0688555,740,4.346124355,740,0.076,0.076,9.81,97,1.54,1021,0.343,0
323,51.75,10.633333,728,9.090276921,728,0.16,0.16,10.59,98,2.03,1020,0.294,0
324,47.6931241,10.340652,709,0,709,0,0,11.14,92,1.25,1021,0.306,1
325,46.8873983,9.6567822,2192,-12.07910463,2192,-0.214,-0.214,-0.02,90,2.08,1021,0.315,1
326,42.6681804,1.0011899,2300,4.57392126,2300,0.08,0.08,1.87,90,1.38,1023,0.323,1
327,45.8326223,6.8651749,4761,-23.36434448,4761,-0.432,-0.432,-12.85,88,1.57,1021,0.219,0
328,45.923697,6.869433,1044,0.916654256,1044,0.016,0.016,9.43,87,1.59,1021,0.28,1
329,45.3360324,6.9162172,3292,-6.503642067,3292,-0.114,-0.114,-4.08,89,1.54,1021,0.306,1
330,44.0144936,6.2116438,601,8.978510951,601,0.158,0.158,12.19,82,1.67,1017,0.367,1
331,43.7613593,6.3788372,991,6.164052443,991,0.108,0.108,12.74,80,1.66,1017,0.345,1
332,42.6366153,44.157621,2949,-17.22343619,2949,-0.31,-0.31,-8.43,89,0.96,1022,0.33,1
333,56.1327377,159.5314398,496,19.900256,496,0.362,0.362,-0.89,98,1.37,983,0.28,1
334,56.0650329,85.6335757,262,-1.145762838,262,-0.02,-0.02,-0.49,86,2.07,1024,0.193,1
335,60.2784931,59.1619065,0,0,0,0,0,-3.2,92,2.44,1020,0.309,1
336,53.5587003,108.1649964,449,0,449,0,0,1.76,59,1.15,1018,0,0
337,45.943161,24.96676,637,-3.090970004,637,-0.054,-0.054,3.65,66,2.28,1029,0.259,0
338,46.1840561,25.2223974,698,-0.572938698,698,-0.01,-0.01,2.32,68,2.34,1030,0.223,0
339,49.1556982,20.0442995,1807,6.616737898,1807,0.116,0.116,-8.07,100,2.06,1027,0.256,0
340,51.919438,19.145136,133,-0.458356458,133,-0.008,-0.008,8.63,76,4.64,1026,0.072,1
341,49.2770726,22.5225797,792,-17.22343619,792,-0.31,-0.31,1.13,75,1.63,1029,0.226,1
342,49.1556982,20.0442995,1807,6.616737898,1807,0.116,0.116,-8.07,100,2.06,1027,0.256,1
343,49.1666091,20.1316477,2564,-32.21092772,2564,-0.63,-0.63,-12.42,100,2.06,1027,0.256,0
344,32.1574351,-82.907123,75,0.343770552,75,0.006,0.006,23.19,37,4.55,1027,0.041,0
345,42.315407,43.356892,506,-8.194263335,506,-0.144,-0.144,6.11,97,1.16,1023,0.276,0
346,50.2246249,17.1980471,452,-1.260303847,452,-0.022,-0.022,5.84,60,3.22,1026,0.252,0
347,50.8150224,14.7806363,420,1.832839506,420,0.032,0.032,11.23,67,2.68,1024,0.258,0
348,49.4152635,20.2500214,720,-0.229181896,720,-0.004,-0.004,-1.27,68,1.16,1027,0.22,0
349,48.9082742,20.38643,1000,0.572938698,1000,0.01,0.01,-3,70,1.02,1029,0.274,0
350,45.5833333,24.75,2218,-11.96948637,2218,-0.212,-0.212,-6.15,83,0.71,1030,0.165,0
351,42.7468184,25.0787979,1725,10.42580853,1725,0.184,0.184,0.6,67,1.47,1030,0.248,1
352,42.133322,23.5499485,2321,-13.1702419,2321,-0.234,-0.234,-2.42,86,0.4,1028,0.158,0
353,41.601111,24.574167,2161,1.947306373,2161,0.034,0.034,-3.93,69,0.98,1029,0.061,1
354,40.8509017,-3.9499712,2131,9.648045316,2131,0.17,0.17,5.82,85,1.04,1023,0.311,1
355,43.1872155,-4.821524,2502,-23.55720169,2502,-0.436,-0.436,2.6,89,2.71,1020,0.307,0
356,47.5556097,-52.7452511,96,-0.916654256,96,-0.016,-0.016,9.62,62,6.69,1020,0.29,0
357,44.8857087,-63.1005273,105,-1.603862771,105,-0.028,-0.028,17.48,52,3.27,1025,0.205,0
358,-17.798072,-63.1925079,426,-0.572938698,426,-0.01,-0.01,30.97,48,3.6,1005,0.271,0
359,-33.0473128,-71.6127458,18,-2.061757691,18,-0.036,-0.036,12.02,100,3.6,1013,0.17,0
360,-23.6509279,-70.3975022,21,-0.343770552,21,-0.006,-0.006,17.38,73,3.6,1013,0.083,0
361,-29.9058174,-71.2501308,25,0.572938698,25,0.01,0.01,14.67,88,3.6,1013,0.234,0
362,-36.8201352,-73.0443904,26,-0.343770552,26,-0.006,-0.006,12.92,71,4.12,1009,0.252,0
363,-33.4488897,-70.6692655,544,-0.114591406,544,-0.002,-0.002,21.73,49,6.17,1008,0.172,0
364,-40.1572103,-71.3524436,651,-0.114591406,651,-0.002,-0.002,19.47,28,3.27,1003,0.179,0
365,-51.6230485,-69.2168291,15,-0.458356458,15,-0.008,-0.008,16.02,44,3.6,1002,0.201,0
366,52.9005511,-3.8963266,220,3.090970004,220,0.054,0.054,8.95,96,2.3,1012,0.349,0
367,53.29916,-1.801692,364,0,364,0,0,7.63,95,2.49,1013,0.315,0
368,56.4906712,-4.2026458,107,-0.114591406,107,-0.002,-0.002,7.41,97,1.82,1009,0.309,0
369,50.5036299,-4.6524982,136,5.142764558,136,0.09,0.09,11.76,85,4.05,1014,0.347,0
370,57.2736278,-6.2155022,247,3.890124404,247,0.068,0.068,7.48,81,6.97,1006,0.766,0
371,51.147427,-2.718454,22,-0.114591406,22,-0.002,-0.002,11.5,94,2.06,1015,0.382,1
372,48.2774862,8.185997,347,-11.30993247,347,-0.2,-0.2,12.99,100,0.78,1021,0.258,0
373,48.1319124,11.5709058,520,0.572938698,520,0.01,0.01,13.62,92,1.26,1021,0.311,0
374,50.9071824,14.3262354,313,-1.832839506,313,-0.032,-0.032,12.18,64,0.45,1023,0.258,0
375,50.4720052,10.0688555,740,4.346124355,740,0.076,0.076,9.81,97,1.54,1021,0.343,0
376,51.75,10.633333,728,9.090276921,728,0.16,0.16,10.59,98,2.03,1020,0.294,0
377,47.6931241,10.340652,709,0,709,0,0,11.14,92,1.25,1021,0.306,1
378,46.8873983,9.6567822,2192,-12.07910463,2192,-0.214,-0.214,-0.02,90,2.08,1021,0.315,0
379,42.6681804,1.0011899,2300,4.57392126,2300,0.08,0.08,1.87,90,1.38,1023,0.323,0
380,45.8326223,6.8651749,4761,-23.36434448,4761,-0.432,-0.432,-12.85,88,1.57,1021,0.219,1
381,45.923697,6.869433,1044,0.916654256,1044,0.016,0.016,9.43,87,1.59,1021,0.28,0
382,45.3360324,6.9162172,3292,-6.503642067,3292,-0.114,-0.114,-4.08,89,1.54,1021,0.306,0
383,44.0144936,6.2116438,601,8.978510951,601,0.158,0.158,12.19,82,1.67,1017,0.367,0
384,43.7613593,6.3788372,991,6.164052443,991,0.108,0.108,12.74,80,1.66,1017,0.345,1
385,42.6366153,44.157621,2949,-17.22343619,2949,-0.31,-0.31,-8.43,89,0.96,1022,0.33,0
386,56.1327377,159.5314398,496,19.900256,496,0.362,0.362,-0.89,98,1.37,983,0.28,0
387,56.0650329,85.6335757,262,-1.145762838,262,-0.02,-0.02,-0.49,86,2.07,1024,0.193,1
388,60.2784931,59.1619065,0,0,0,0,0,-3.2,92,2.44,1020,0.309,0
389,53.5587003,108.1649964,449,0,449,0,0,1.76,59,1.15,1018,0,0
390,45.943161,24.96676,637,-3.090970004,637,-0.054,-0.054,3.65,66,2.28,1029,0.259,0
391,46.1840561,25.2223974,698,-0.572938698,698,-0.01,-0.01,2.32,68,2.34,1030,0.223,0
392,49.1556982,20.0442995,1807,6.616737898,1807,0.116,0.116,-8.07,100,2.06,1027,0.256,0
393,51.919438,19.145136,133,-0.458356458,133,-0.008,-0.008,8.63,76,4.64,1026,0.072,0
394,49.2770726,22.5225797,792,-17.22343619,792,-0.31,-0.31,1.13,75,1.63,1029,0.226,0
395,49.1556982,20.0442995,1807,6.616737898,1807,0.116,0.116,-8.07,100,2.06,1027,0.256,0
396,49.1666091,20.1316477,2564,-32.21092772,2564,-0.63,-0.63,-12.42,100,2.06,1027,0.256,0
397,32.1574351,-82.907123,75,0.343770552,75,0.006,0.006,23.19,37,4.55,1027,0.041,0
398,42.315407,43.356892,506,-8.194263335,506,-0.144,-0.144,6.11,97,1.16,1023,0.276,1
399,50.2246249,17.1980471,452,-1.260303847,452,-0.022,-0.022,5.84,60,3.22,1026,0.252,0
400,50.8150224,14.7806363,420,1.832839506,420,0.032,0.032,11.23,67,2.68,1024,0.258,0
401,49.4152635,20.2500214,720,-0.229181896,720,-0.004,-0.004,-1.27,68,1.16,1027,0.22,0
402,48.9082742,20.38643,1000,0.572938698,1000,0.01,0.01,-3,70,1.02,1029,0.274,0
403,45.5833333,24.75,2218,-11.96948637,2218,-0.212,-0.212,-6.15,83,0.71,1030,0.165,0
404,42.7468184,25.0787979,1725,10.42580853,1725,0.184,0.184,0.6,67,1.47,1030,0.248,0
405,42.133322,23.5499485,2321,-13.1702419,2321,-0.234,-0.234,-2.42,86,0.4,1028,0.158,0
406,41.601111,24.574167,2161,1.947306373,2161,0.034,0.034,-3.93,69,0.98,1029,0.061,1
407,40.8509017,-3.9499712,2131,9.648045316,2131,0.17,0.17,5.82,85,1.04,1023,0.311,0
408,43.1872155,-4.821524,2502,-23.55720169,2502,-0.436,-0.436,2.6,89,2.71,1020,0.307,0
409,27.7103145,85.3221634,1311,-0.458356458,1311,-0.008,-0.008,17.19,88,1.54,1015,0.11,0
410,28.2095831,83.9855674,849,1.03121267,849,0.018,0.018,16.19,82,2.26,1015,0.157,0
411,27.67207,85.4282951,1346,-2.862405226,1346,-0.05,-0.05,16.99,88,1.54,1015,0.11,0
412,27.7173579,85.5045711,1624,0.687516355,1624,0.012,0.012,14.99,88,1.54,1015,0.065,0
413,27.6253491,85.5560635,1404,-15.85454643,1404,-0.284,-0.284,16.13,90,0.87,1015,0.122,0
414,27.9841839,84.6269824,868,9.536635758,868,0.168,0.168,15.28,88,1.42,1014,0.194,0
415,28.1962471,84.3857442,924,-5.710593137,924,-0.1,-0.1,16.12,85,2.46,1016,0.233,0
416,28.666667,84.016667,3559,17.11883234,3559,0.308,0.308,1.16,81,1.37,1024,0.177,0
417,28.2765491,84.3542049,992,-16.17215902,992,-0.29,-0.29,15.77,83,2.85,1017,0.233,1
418,28.414289,83.3862839,1146,24.22774532,1146,0.45,0.45,17.18,85,1.02,1017,0.27,1
419,28.9985065,83.8473015,3698,-1.603862771,3698,-0.028,-0.028,2.81,69,2.43,1021,0.075,0
420,29.200598,80.8986502,1433,-2.519389291,1433,-0.044,-0.044,11.45,92,1.64,1016,0.138,0
421,28.8372008,80.3213106,207,-0.114591406,207,-0.002,-0.002,21.01,78,1.92,1012,0.094,0
422,29.355909,81.3097231,1296,-0.114591406,1296,-0.002,-0.002,13.11,87,2.59,1018,0.132,0
423,28.6946543,82.4319405,1680,-29.76955648,1680,-0.572,-0.572,12.4,83,2.25,1017,0.209,0
424,39.5779145,48.9718588,-23,0,23,0,0,13.05,74,4.1,1019,0.31,0
425,28.601789,81.600906,688,1.947306373,688,0.034,0.034,16.93,89,2.17,1014,0.118,0
426,28.7988758,81.6890155,744,-3.205215931,744,-0.056,-0.056,16.99,88,2.2,1016,0.129,0
427,27.7784288,86.1751759,2074,-9.648045316,2074,-0.17,-0.17,11.58,78,0.74,1018,0.243,0
428,27.9128401,85.9256634,1333,19.69736739,1333,0.358,0.358,15.78,85,0.53,1019,0.134,1
429,27.319307,86.1039189,1383,-17.01411071,1383,-0.306,-0.306,13.79,86,1.39,1015,0.135,0
430,27.5285353,85.643487,1385,-0.916654256,1385,-0.016,-0.016,16.82,90,1.25,1015,0.179,0
431,27.944705,84.2278796,573,5.824027516,573,0.102,0.102,15.9,95,1.18,1014,0.194,0
432,27.9194201,85.1660825,1006,2.061757691,1006,0.036,0.036,18.89,84,1.56,1016,0.119,0
433,27.2568824,85.971322,1267,15.7484519,1267,0.282,0.282,13.67,86,1.98,1014,0.144,0
434,27.5546357,85.023346,1023,-7.068595117,1023,-0.124,-0.124,18.64,85,1.67,1014,0.15,0
435,27.6275504,86.2260131,1941,0.229181896,1941,0.004,0.004,12.07,79,0.69,1017,0.243,0
436,28.4632789,83.8260884,3159,-11.42007417,3159,-0.202,-0.202,4.47,82,1.72,1021,0.273,1
437,28.0196825,83.804868,1245,-12.51667391,1245,-0.222,-0.222,13.02,92,1.4,1014,0.237,0
438,-14.5340655,-75.1808035,359,-0.229181896,359,-0.004,-0.004,27.02,40,4.04,1010,0.042,0
439,28.3030364,82.6364834,1359,-18.15949047,1359,-0.328,-0.328,13.57,88,2.11,1016,0.187,0
440,27.8939888,83.1220074,1542,24.03687144,1542,0.446,0.446,11.96,87,1.87,1014,0.215,0
441,27.5517986,83.0468775,103,0.114591406,103,0.002,0.002,21.71,75,2.06,1011,0.212,0
442,20.8253781,73.7007088,467,-1.145762838,467,-0.02,-0.02,23.35,90,0.95,1010,0.318,0
443,27.9999695,82.4752757,627,-0.114591406,627,-0.002,-0.002,18.47,80,2.37,1013,0.124,0
444,28.0547578,81.614468,151,0.114591406,151,0.002,0.002,21.47,76,1.67,1011,0.128,0
445,28.601789,81.600906,688,1.947306373,688,0.034,0.034,16.93,89,2.17,1014,0.118,0
446,28.3102323,81.4278984,157,0,157,0,0,21.12,78,1.88,1012,0.096,0
447,27.9128401,85.9256634,1333,19.69736739,1333,0.358,0.358,15.78,85,0.53,1019,0.134,1
448,26.8517875,86.6611083,420,14.89574999,420,0.266,0.266,20.08,82,1.65,1013,0.184,0
449,26.6799002,87.460397,177,1.03121267,177,0.018,0.018,21.13,77,2.06,1012,0.188,0
450,26.5049546,87.8752249,87,0,87,0,0,20.76,83,2.64,1012,0.242,0
451,26.6275522,87.1821709,96,-0.229181896,96,-0.004,-0.004,21.31,79,1.92,1012,0.153,0
452,26.9834552,87.3214908,782,12.51667391,782,0.222,0.222,16.36,90,2.66,1015,0.146,1
453,27.1779842,87.0524338,1590,8.978510951,1590,0.158,0.158,13.21,91,0.47,1015,0.135,1
454,27.1838128,86.7818523,1436,15.10957512,1436,0.27,0.27,14.73,84,0.98,1015,0.134,1
455,27.323995,86.504708,1871,-7.068595117,1871,-0.124,-0.124,11.16,83,2.01,1016,0.206,1
456,27.6991681,86.7416374,3836,33.9799701,3836,0.674,0.674,-0.88,57,2.81,1021,0.277,1
457,27.3540207,87.6679765,1855,-19.08562008,1855,-0.346,-0.346,11.22,90,1.04,1017,0.221,1
458,27.116667,87.533333,1493,0.114591406,1493,0.002,0.002,12.33,93,1.48,1016,0.148,1
459,27.617367,87.3016132,2194,10.75796709,2194,0.19,0.19,9.26,78,2.15,1019,0.25,1
460,27.2568824,85.971322,1267,15.7484519,1267,0.282,0.282,13.67,86,1.98,1014,0.144,0
461,27.5546357,85.023346,1023,-7.068595117,1023,-0.124,-0.124,18.64,85,1.67,1014,0.15,1
462,28.0783862,83.543836,1047,24.89130012,1047,0.464,0.464,14.8,93,1.12,1015,0.168,1
463,27.8149251,85.6280697,1731,3.776044985,1731,0.066,0.066,14.2,88,0.62,1017,0.26,0
464,6.993401,81.05498,661,0.916654,661,0.016,0.016,21.71,90,0.79,1011,0.126,0
465,7.290572,80.63373,505,0.687516,505,0.012,0.012,20.68,95,0.9,1011,0.242,0
466,22.0362,98.13386,765,2.176193,765,0.038,0.038,17.64,96,0.14,1013,0.241,0
467,25.8509,97.43814,415,0,415,0,0,15.84,99,1.13,1013,0.259,1
468,22.0087,93.58127,2269,-5.02907,2269,-0.088,-0.088,10.62,98,0.34,1014,0.216,1
469,19.88714,94.72775,218,0.229182,218,0.004,0.004,23.39,93,1.45,1010,0.283,0
470,19.23421,97.26529,371,12.40742,371,0.22,0.22,21.12,97,0.43,1011,0.36,0
471,33.90696,73.3943,2182,-8.53077,2182,-0.15,-0.15,10.85,42,3.2,1014,0.182,0
472,34.07294,73.38118,2448,-1.03121,2448,-0.018,-0.018,10.6,44,1.16,1014,0.219,0
473,34.16875,73.2215,1211,0.572939,1211,0.01,0.01,15.53,42,2.4,1014,0.129,0
474,34.54167,73.35,976,0.802089,976,0.014,0.014,17.88,41,3.16,1016,0.107,0
475,36.31667,74.64999,2194,15.32297,2194,0.274,0.274,1.19,52,1.46,1024,0,0
476,35.32471,75.55096,2224,0.458356,2224,0.008,0.008,11.15,43,0.87,1022,0.073,0
477,30.37532,69.34512,1369,10.42581,1369,0.184,0.184,17.63,28,0.16,1013,0.052,1
478,35.22271,72.42581,3052,-45,3052,-1,-1,5.22,55,2.68,1020,0.205,1
479,34.55535,69.20749,1792,-0.34377,1792,-0.006,-0.006,15.14,33,0.67,1014,0.082,1
480,34.81001,67.82121,2575,-1.48935,2575,-0.026,-0.026,8,46,1.01,1022,0.082,1
481,36.73477,70.812,2615,-32.6192,2615,-0.64,-0.64,8.46,36,1.34,1021,0.175,0
482,35.26572,69.46777,1940,5.48359,1940,0.096,0.096,11.98,34,4.77,1021,0.037,0
483,35.32502,70.90712,2948,-23.9412,2948,-0.444,-0.444,7.55,38,3.59,1022,0.135,0
484,28.05476,81.61447,151,0.114591,151,0.002,0.002,21.43,75,1.58,1011,0.128,0
485,28.20958,83.98557,849,1.031213,849,0.018,0.018,15.95,81,2.18,1015,0.157,0
486,27.71031,85.32216,1311,-0.45836,1311,-0.008,-0.008,17.19,88,1.54,1015,0.11,0
487,28.29635,84.85679,3004,37.73987,3004,0.774,0.774,2.06,82,2.52,1020,0.264,0
488,28.77465,83.77302,3561,-28.013,3561,-0.532,-0.532,3.34,66,2.34,1021,0.172,0
489,27.04162,88.26641,2106,0.229182,2106,0.004,0.004,10.65,94,2.19,1016,0.241,1
490,27.05936,88.46945,1175,3.547797,1175,0.062,0.062,16.65,95,2.58,1015,0.266,1
491,27.33135,88.61381,1630,3.43363,1630,0.06,0.06,13.04,81,2.38,1018,0.294,1
492,27.7103145,85.3221634,1311,-0.458356458,1311,-0.008,-0.008,17.19,88,1.54,1015,0.11,0
493,28.2095831,83.9855674,849,1.03121267,849,0.018,0.018,16.19,82,2.26,1015,0.157,1
494,27.67207,85.4282951,1346,-2.862405226,1346,-0.05,-0.05,16.99,88,1.54,1015,0.11,0
495,27.7173579,85.5045711,1624,0.687516355,1624,0.012,0.012,14.99,88,1.54,1015,0.065,0
496,27.6253491,85.5560635,1404,-15.85454643,1404,-0.284,-0.284,16.13,90,0.87,1015,0.122,0
497,27.9841839,84.6269824,868,9.536635758,868,0.168,0.168,15.28,88,1.42,1014,0.194,1
498,28.1962471,84.3857442,924,-5.710593137,924,-0.1,-0.1,16.12,85,2.46,1016,0.233,1
499,28.666667,84.016667,3559,17.11883234,3559,0.308,0.308,1.16,81,1.37,1024,0.177,1
500,28.2765491,84.3542049,992,-16.17215902,992,-0.29,-0.29,15.77,83,2.85,1017,0.233,1
501,28.414289,83.3862839,1146,24.22774532,1146,0.45,0.45,17.18,85,1.02,1017,0.27,1
502,28.9985065,83.8473015,3698,-1.603862771,3698,-0.028,-0.028,2.81,69,2.43,1021,0.075,0
503,29.200598,80.8986502,1433,-2.519389291,1433,-0.044,-0.044,11.45,92,1.64,1016,0.138,0
504,28.8372008,80.3213106,207,-0.114591406,207,-0.002,-0.002,21.01,78,1.92,1012,0.094,0
505,29.355909,81.3097231,1296,-0.114591406,1296,-0.002,-0.002,13.11,87,2.59,1018,0.132,1
506,28.6946543,82.4319405,1680,-29.76955648,1680,-0.572,-0.572,12.4,83,2.25,1017,0.209,1
507,39.5779145,48.9718588,-23,0,23,0,0,13.05,74,4.1,1019,0.31,1
508,28.601789,81.600906,688,1.947306373,688,0.034,0.034,16.93,89,2.17,1014,0.118,1
509,28.7988758,81.6890155,744,-3.205215931,744,-0.056,-0.056,16.99,88,2.2,1016,0.129,1
510,27.7784288,86.1751759,2074,-9.648045316,2074,-0.17,-0.17,11.58,78,0.74,1018,0.243,1
511,27.9128401,85.9256634,1333,19.69736739,1333,0.358,0.358,15.78,85,0.53,1019,0.134,1
512,27.319307,86.1039189,1383,-17.01411071,1383,-0.306,-0.306,13.79,86,1.39,1015,0.135,1
513,27.5285353,85.643487,1385,-0.916654256,1385,-0.016,-0.016,16.82,90,1.25,1015,0.179,1
514,27.944705,84.2278796,573,5.824027516,573,0.102,0.102,15.9,95,1.18,1014,0.194,1
515,27.9194201,85.1660825,1006,2.061757691,1006,0.036,0.036,18.89,84,1.56,1016,0.119,1
516,27.2568824,85.971322,1267,15.7484519,1267,0.282,0.282,13.67,86,1.98,1014,0.144,0
517,27.5546357,85.023346,1023,-7.068595117,1023,-0.124,-0.124,18.64,85,1.67,1014,0.15,0
518,27.6275504,86.2260131,1941,0.229181896,1941,0.004,0.004,12.07,79,0.69,1017,0.243,1
519,28.4632789,83.8260884,3159,-11.42007417,3159,-0.202,-0.202,4.47,82,1.72,1021,0.273,1
520,28.0196825,83.804868,1245,-12.51667391,1245,-0.222,-0.222,13.02,92,1.4,1014,0.237,1
521,-14.5340655,-75.1808035,359,-0.229181896,359,-0.004,-0.004,27.02,40,4.04,1010,0.042,1
522,28.3030364,82.6364834,1359,-18.15949047,1359,-0.328,-0.328,13.57,88,2.11,1016,0.187,1
523,27.8939888,83.1220074,1542,24.03687144,1542,0.446,0.446,11.96,87,1.87,1014,0.215,1
524,27.5517986,83.0468775,103,0.114591406,103,0.002,0.002,21.71,75,2.06,1011,0.212,0
525,20.8253781,73.7007088,467,-1.145762838,467,-0.02,-0.02,23.35,90,0.95,1010,0.318,0
526,27.9999695,82.4752757,627,-0.114591406,627,-0.002,-0.002,18.47,80,2.37,1013,0.124,0
527,28.0547578,81.614468,151,0.114591406,151,0.002,0.002,21.47,76,1.67,1011,0.128,0
528,28.601789,81.600906,688,1.947306373,688,0.034,0.034,16.93,89,2.17,1014,0.118,1
529,28.3102323,81.4278984,157,0,157,0,0,21.12,78,1.88,1012,0.096,0
530,27.9128401,85.9256634,1333,19.69736739,1333,0.358,0.358,15.78,85,0.53,1019,0.134,1
531,26.8517875,86.6611083,420,14.89574999,420,0.266,0.266,20.08,82,1.65,1013,0.184,0
532,26.6799002,87.460397,177,1.03121267,177,0.018,0.018,21.13,77,2.06,1012,0.188,0
533,26.5049546,87.8752249,87,0,87,0,0,20.76,83,2.64,1012,0.242,0
534,26.6275522,87.1821709,96,-0.229181896,96,-0.004,-0.004,21.31,79,1.92,1012,0.153,1
535,26.9834552,87.3214908,782,12.51667391,782,0.222,0.222,16.36,90,2.66,1015,0.146,1
536,27.1779842,87.0524338,1590,8.978510951,1590,0.158,0.158,13.21,91,0.47,1015,0.135,1
537,27.1838128,86.7818523,1436,15.10957512,1436,0.27,0.27,14.73,84,0.98,1015,0.134,1
538,27.323995,86.504708,1871,-7.068595117,1871,-0.124,-0.124,11.16,83,2.01,1016,0.206,1
539,27.6991681,86.7416374,3836,33.9799701,3836,0.674,0.674,-0.88,57,2.81,1021,0.277,1
540,27.3540207,87.6679765,1855,-19.08562008,1855,-0.346,-0.346,11.22,90,1.04,1017,0.221,1
541,27.116667,87.533333,1493,0.114591406,1493,0.002,0.002,12.33,93,1.48,1016,0.148,1
542,27.617367,87.3016132,2194,10.75796709,2194,0.19,0.19,9.26,78,2.15,1019,0.25,1
543,27.2568824,85.971322,1267,15.7484519,1267,0.282,0.282,13.67,86,1.98,1014,0.144,1
544,27.5546357,85.023346,1023,-7.068595117,1023,-0.124,-0.124,18.64,85,1.67,1014,0.15,0
545,28.0783862,83.543836,1047,24.89130012,1047,0.464,0.464,14.8,93,1.12,1015,0.168,0
546,27.8149251,85.6280697,1731,3.776044985,1731,0.066,0.066,14.2,88,0.62,1017,0.26,1
